{
  "block": 7738261,
  "total_issuance_tao": 3401428.005755885,
  "total_stake_tao": 7337639.832828164
}