{
  "query_block": 7760196,
  "wallets": [
    {
      "ss58": "5FqBL928choLPmeFz5UVAvonBD5k7K2mZSXVC9RkFzLxoy2s",
      "free_balance_rank": 4,
      "nonce": 181845,
      "free_tao": 122886.979737487
    },
    {
      "ss58": "5H9brHhMA1km3Dp3YCx75oaimgxEYScxCfxbzQRZ3gHk9x3L",
      "free_balance_rank": 7,
      "nonce": 111,
      "free_tao": 95895.052102143
    }
  ]
}